LocTypeName,Location,Time,TPopulation1July,TPopulationMale1July,TPopulationFemale1July,PopDensity,PopSexRatio,MedianAgePop,PopGrowthRate,TFR,NetMigrations,CNMR
Geographic region,Africa,1990,638157.236,317582.074,320575.162,21.5951,99.0663,16.4565,2.651,5.9145,-563.433,-0.882
Geographic region,Africa,1991,655040.493,326028.019,329012.474,22.1664,99.0929,16.4931,2.572,5.8322,-796.123,-1.215
Geographic region,Africa,1992,671931.548,334385.192,337546.356,22.738,99.0635,16.5273,2.52,5.7601,-866.013,-1.288
Geographic region,Africa,1993,689139.958,342813.212,346326.747,23.3204,98.9855,16.5577,2.537,5.6737,-672.089,-0.975
Geographic region,Africa,1994,706488.294,351326.525,355161.769,23.9074,98.9201,16.615,2.436,5.5881,-760.879,-1.076
Geographic region,Africa,1995,724331.67,360078.737,364252.932,24.5112,98.854,16.6868,2.551,5.5085,-398.429,-0.55
Geographic region,Africa,1996,742764.748,369120.095,373644.653,25.135,98.7891,16.746,2.476,5.4226,-721.786,-0.971
Geographic region,Africa,1997,761224.444,378288.926,382935.519,25.7597,98.7866,16.8197,2.434,5.3396,-822.98,-1.08
Geographic region,Africa,1998,779908.035,387638.242,392269.793,26.3919,98.8193,16.9197,2.416,5.2733,-566.302,-0.726
Geographic region,Africa,1999,799099.34,397213.955,401885.384,27.0414,98.8376,17.0293,2.446,5.2221,-672.585,-0.841
Geographic region,Africa,2000,818952.057,407147.292,411804.765,27.7132,98.869,17.1351,2.462,5.1759,-671.25,-0.819
Geographic region,Africa,2001,839463.871,417423.02,422040.851,28.4073,98.9058,17.2377,2.485,5.1381,-530.268,-0.631
Geographic region,Africa,2002,860611.461,428032.134,432579.328,29.1229,98.9488,17.3389,2.491,5.0952,-516.839,-0.6
Geographic region,Africa,2003,882349.262,438961.087,443388.176,29.8585,99.0015,17.4395,2.498,5.0573,-531.988,-0.603
Geographic region,Africa,2004,904781.335,450234.265,454547.07,30.6176,99.0512,17.5386,2.523,5.0211,-431.623,-0.477
Geographic region,Africa,2005,927898.1,461839.139,466058.961,31.3999,99.0946,17.6326,2.523,4.9978,-672.99,-0.725
Geographic region,Africa,2006,951740.272,473825.139,477915.133,32.2067,99.1442,17.7196,2.551,4.9741,-655.013,-0.688
Geographic region,Africa,2007,976461.444,486272.001,490189.443,33.0433,99.2008,17.8005,2.578,4.9524,-586.961,-0.601
Geographic region,Africa,2008,1001981.281,499111.276,502870.004,33.9068,99.2525,17.8731,2.582,4.9344,-771.128,-0.769
Geographic region,Africa,2009,1028200.282,512282.943,515917.339,34.7941,99.2955,17.9388,2.584,4.8935,-875.118,-0.851
Geographic region,Africa,2010,1055233.397,525866.142,529367.255,35.7089,99.3386,17.9981,2.606,4.8588,-769.334,-0.729
Geographic region,Africa,2011,1082675.8,539676.243,542999.558,36.6375,99.388,18.0466,2.53,4.8151,-1671.358,-1.542
Geographic region,Africa,2012,1110797.234,553822.182,556975.052,37.5891,99.4339,18.0902,2.598,4.7709,-842.681,-0.758
Geographic region,Africa,2013,1140180.58,568590.646,571589.934,38.5835,99.4753,18.1373,2.623,4.7225,-402.897,-0.353
Geographic region,Africa,2014,1170299.023,583740.914,586558.109,39.6027,99.5197,18.1886,2.592,4.6731,-599.706,-0.512
Geographic region,Africa,2015,1201107.938,599298.326,601809.613,40.6452,99.5827,18.2447,2.605,4.6305,-190.608,-0.159
Geographic region,Africa,2016,1232111.604,614883.174,617228.429,41.6944,99.62,18.2978,2.493,4.5602,-1146.546,-0.93
Geographic region,Africa,2017,1263333.733,630519.659,632814.074,42.7509,99.6374,18.3512,2.512,4.5154,-679.993,-0.538
Geographic region,Africa,2018,1295265.049,646554.743,648710.306,43.8315,99.6677,18.4151,2.481,4.4696,-815.057,-0.629
Geographic region,Africa,2019,1327701.163,662826.918,664874.245,44.9291,99.6921,18.4881,2.466,4.419,-716.657,-0.54
Geographic region,Africa,2020,1360677.231,679360.412,681316.818,46.045,99.7128,18.568,2.441,4.3614,-202.152,-0.149
Geographic region,Asia,1990,3211352.076,1635840.345,1575511.732,102.3912,103.8291,21.8573,1.897,3.3146,-1289.13,-0.401
Geographic region,Asia,1991,3269852.938,1665891.602,1603961.336,104.2565,103.8611,22.1129,1.715,3.0473,-1005.863,-0.308
Geographic region,Asia,1992,3325187.718,1694364.482,1630823.237,106.0208,103.8963,22.4033,1.642,2.9341,-1228.958,-0.37
Geographic region,Asia,1993,3379061.307,1722072.169,1656989.138,107.7385,103.9278,22.7047,1.573,2.8549,-1672.659,-0.495
Geographic region,Asia,1994,3432015.23,1749325.481,1682689.748,109.4269,103.9601,23.013,1.537,2.7954,-1422.43,-0.414
Geographic region,Asia,1995,3484178.996,1776188.339,1707990.658,111.0901,103.9929,23.328,1.481,2.7364,-1788.464,-0.513
Geographic region,Asia,1996,3535423.902,1802585.928,1732837.974,112.724,104.0251,23.6431,1.44,2.68,-1470.64,-0.416
Geographic region,Asia,1997,3586095.561,1828680.498,1757415.063,114.3396,104.0551,23.9576,1.406,2.635,-1347.181,-0.376
Geographic region,Asia,1998,3636357.351,1854514.511,1781842.84,115.9421,104.0785,24.276,1.377,2.5909,-1153.262,-0.317
Geographic region,Asia,1999,3686164.145,1880113.069,1806051.076,117.5302,104.1008,24.5916,1.344,2.5553,-1144.928,-0.311
Geographic region,Asia,2000,3736037.844,1905806.476,1830231.369,119.1204,104.1293,24.8943,1.344,2.5652,-1359.569,-0.364
Geographic region,Asia,2001,3786179.783,1931561.831,1854617.952,120.7191,104.1488,25.1792,1.322,2.5196,-1024.451,-0.271
Geographic region,Asia,2002,3835669.459,1956854.191,1878815.268,122.297,104.1536,25.4522,1.275,2.4812,-1658.162,-0.432
Geographic region,Asia,2003,3884310.944,1981677.478,1902633.466,123.8479,104.1545,25.7177,1.245,2.4428,-1654.305,-0.426
Geographic region,Asia,2004,3932421.014,2006207.417,1926213.596,125.3819,104.1529,25.9789,1.217,2.4236,-1896.061,-0.482
Geographic region,Asia,2005,3980365.939,2030694.172,1949671.766,126.9106,104.1557,26.2323,1.207,2.3934,-1362.498,-0.342
Geographic region,Asia,2006,4028347.034,2055288.018,1973059.015,128.4404,104.1676,26.4912,1.19,2.3727,-1536.326,-0.381
Geographic region,Asia,2007,4076071.75,2079805.745,1996266.005,129.9621,104.1848,26.7579,1.166,2.3641,-2228.125,-0.546
Geographic region,Asia,2008,4123883.055,2104330.248,2019552.808,131.4865,104.1978,27.0313,1.166,2.3539,-1646.146,-0.399
Geographic region,Asia,2009,4172450.399,2129143.146,2043307.253,133.035,104.2008,27.3111,1.175,2.3412,-1079.958,-0.259
Geographic region,Asia,2010,4221171.012,2153888.758,2067282.253,134.5884,104.1894,27.6054,1.147,2.3094,-1237.569,-0.293
Geographic region,Asia,2011,4269623.979,2178413.68,2091210.298,136.1333,104.17,27.91,1.136,2.2877,-781.368,-0.183
Geographic region,Asia,2012,4318321.904,2203086.129,2115235.775,137.686,104.1532,28.2075,1.132,2.3146,-1636.02,-0.379
Geographic region,Asia,2013,4366453.707,2227449.601,2139004.107,139.2206,104.1349,28.4994,1.085,2.2709,-1805.714,-0.413
Geographic region,Asia,2014,4413673.348,2251334.485,2162338.863,140.7262,104.1157,28.7967,1.066,2.2553,-1538.423,-0.349
Geographic region,Asia,2015,4459437.458,2274426.99,2185010.468,142.1854,104.0923,29.1079,0.997,2.2091,-2395.443,-0.537
Geographic region,Asia,2016,4504153.488,2296827.138,2207326.351,143.6111,104.0547,29.4286,0.999,2.2242,-2112.685,-0.469
Geographic region,Asia,2017,4548303.446,2318756.907,2229546.539,145.0188,104.0013,29.7552,0.953,2.2013,-2494.717,-0.548
Geographic region,Asia,2018,4590021.502,2339332.414,2250689.088,146.3489,103.9385,30.1029,0.874,2.1115,-2340.072,-0.51
Geographic region,Asia,2019,4628967.396,2358387.887,2270579.508,147.5907,103.8672,30.464,0.816,2.0651,-2466.035,-0.533
Geographic region,Asia,2020,4664324.075,2375345.664,2288978.411,148.718,103.7732,30.8321,0.706,1.9836,-2092.203,-0.449
Geographic region,Europe,1990,721497.282,346746.684,374750.597,32.6728,92.5273,33.6192,0.322,1.7173,769.791,1.068
Geographic region,Europe,1991,723602.898,347867.071,375735.827,32.7682,92.5829,33.8868,0.261,1.6591,795.007,1.099
Geographic region,Europe,1992,725259.493,348735.52,376523.973,32.8432,92.6197,34.1689,0.197,1.5957,838.397,1.157
Geographic region,Europe,1993,726441.892,349335.758,377106.135,32.8967,92.6359,34.4568,0.129,1.531,1212.842,1.671
Geographic region,Europe,1994,727063.162,349629.642,377433.52,32.9249,92.6334,34.7504,0.042,1.4951,882.701,1.215
Geographic region,Europe,1995,727300.408,349703.184,377597.224,32.9356,92.6128,35.0495,0.023,1.4546,1060.452,1.459
Geographic region,Europe,1996,727453.566,349730.568,377722.999,32.9426,92.5892,35.3571,0.019,1.4447,948.555,1.305
Geographic region,Europe,1997,727566.48,349759.962,377806.518,32.9477,92.5765,35.6757,0.012,1.4299,854.235,1.175
Geographic region,Europe,1998,727445.606,349690.086,377755.52,32.9422,92.5705,36.008,-0.046,1.4149,491.607,0.676
Geographic region,Europe,1999,727100.016,349504.278,377595.738,32.9265,92.5604,36.3398,-0.049,1.4011,779.42,1.073
Geographic region,Europe,2000,726968.473,349423.768,377544.705,32.9206,92.5516,36.6613,0.013,1.418,1172.143,1.614
Geographic region,Europe,2001,726878.371,349344.18,377534.192,32.9165,92.5331,36.9777,-0.038,1.4114,810.926,1.116
Geographic region,Europe,2002,726939.358,349338.869,377600.488,32.9193,92.5155,37.2834,0.055,1.4241,1588.535,2.187
Geographic region,Europe,2003,727424.988,349562.233,377862.755,32.9413,92.5104,37.5632,0.079,1.4456,1786.198,2.458
Geographic region,Europe,2004,728163.243,349904.094,378259.149,32.9747,92.5038,37.8327,0.124,1.4685,1726.175,2.373
Geographic region,Europe,2005,728950.486,350267.442,378683.044,33.0103,92.4962,38.0959,0.092,1.4713,1596.929,2.193
Geographic region,Europe,2006,729857.708,350699.849,379157.859,33.0514,92.4944,38.3508,0.157,1.4988,1677.605,2.301
Geographic region,Europe,2007,731393.136,351485.685,379907.451,33.121,92.5188,38.5888,0.264,1.5357,2229.273,3.052
Geographic region,Europe,2008,733256.182,352462.258,380793.923,33.2053,92.5598,38.8091,0.245,1.5907,1824.596,2.491
Geographic region,Europe,2009,734902.805,353330.902,381571.903,33.2799,92.5988,39.0327,0.203,1.6005,1385.415,1.887
Geographic region,Europe,2010,736276.812,354080.232,382196.58,33.3421,92.6435,39.2672,0.17,1.6085,1154.403,1.569
Geographic region,Europe,2011,737589.666,354828.912,382760.753,33.4016,92.7025,39.5118,0.186,1.5966,1198.314,1.626
Geographic region,Europe,2012,738907.594,355608.478,383299.116,33.4612,92.7757,39.7527,0.171,1.6149,1163.097,1.575
Geographic region,Europe,2013,740013.806,356292.333,383721.474,33.5113,92.8518,39.9851,0.128,1.5972,943.243,1.275
Geographic region,Europe,2014,741014.147,356917.429,384096.718,33.5566,92.9238,40.2142,0.142,1.6146,940.116,1.269
Geographic region,Europe,2015,742107.449,357600.529,384506.92,33.6062,93.0024,40.4254,0.153,1.6152,1308.115,1.764
Geographic region,Europe,2016,743318.582,358341.18,384977.402,33.661,93.0811,40.6284,0.173,1.617,1346.009,1.812
Geographic region,Europe,2017,744449.361,359031.18,385418.181,33.7122,93.1537,40.8408,0.131,1.5629,1432.622,1.927
Geographic region,Europe,2018,745359.13,359605.232,385753.898,33.7534,93.2214,41.0589,0.113,1.5281,1582.667,2.126
Geographic region,Europe,2019,746189.646,360107.984,386081.661,33.791,93.2725,41.284,0.109,1.4894,1727.55,2.318
Geographic region,Europe,2020,746225.356,360173.039,386052.318,33.7926,93.2964,41.5013,-0.1,1.4732,1436.475,1.927
Geographic region,Latin America and the Caribbean,1990,442565.114,219737.562,222827.552,21.8381,98.6133,20.7232,1.889,3.2525,-631.497,-1.426
Geographic region,Latin America and the Caribbean,1991,450839.607,223781.085,227058.522,22.2464,98.5566,20.9422,1.816,3.1755,-786.15,-1.742
Geographic region,Latin America and the Caribbean,1992,459026.864,227777.345,231249.519,22.6504,98.4985,21.1676,1.784,3.0999,-733.914,-1.598
Geographic region,Latin America and the Caribbean,1993,467183.201,231759.444,235423.758,23.0529,98.4435,21.4006,1.739,3.0417,-796.46,-1.703
Geographic region,Latin America and the Caribbean,1994,475330.393,235745.894,239584.499,23.4549,98.3978,21.6415,1.719,2.9779,-724.275,-1.523
Geographic region,Latin America and the Caribbean,1995,483431.616,239713.074,243718.542,23.8546,98.3565,21.8876,1.662,2.9173,-809.653,-1.673
Geographic region,Latin America and the Caribbean,1996,491423.986,243620.291,247803.696,24.249,98.3118,22.1391,1.618,2.8483,-811.676,-1.65
Geographic region,Latin America and the Caribbean,1997,499347.53,247491.114,251856.417,24.64,98.2667,22.3951,1.581,2.7867,-799.403,-1.6
Geographic region,Latin America and the Caribbean,1998,507199.406,251325.905,255873.501,25.0274,98.2227,22.6544,1.539,2.7278,-798.735,-1.574
Geographic region,Latin America and the Caribbean,1999,514937.047,255102.147,259834.9,25.4092,98.1786,22.9176,1.489,2.6707,-878.011,-1.704
Geographic region,Latin America and the Caribbean,2000,522512.13,258784.225,263727.905,25.783,98.1255,23.1918,1.432,2.6086,-944.826,-1.807
Geographic region,Latin America and the Caribbean,2001,529912.69,262377.948,267534.742,26.1482,98.0725,23.4771,1.381,2.5458,-962.131,-1.814
Geographic region,Latin America and the Caribbean,2002,537159.484,265900.077,271259.407,26.5058,98.0243,23.771,1.336,2.4852,-959.173,-1.784
Geographic region,Latin America and the Caribbean,2003,544202.034,269321.061,274880.973,26.8533,97.9773,24.0758,1.27,2.4238,-1018.456,-1.87
Geographic region,Latin America and the Caribbean,2004,551122.12,272684.394,278437.726,27.1948,97.9337,24.3886,1.258,2.3871,-940.766,-1.706
Geographic region,Latin America and the Caribbean,2005,557964.02,276010.177,281953.844,27.5324,97.892,24.7065,1.21,2.3498,-1061.812,-1.901
Geographic region,Latin America and the Caribbean,2006,564664.743,279267.655,285397.088,27.863,97.8523,25.0306,1.177,2.3073,-1024.555,-1.813
Geographic region,Latin America and the Caribbean,2007,571246.589,282465.85,288780.738,28.1878,97.8133,25.3602,1.141,2.2678,-1002.916,-1.754
Geographic region,Latin America and the Caribbean,2008,577692.625,285579.34,292113.286,28.5059,97.7632,25.6981,1.104,2.2346,-1037.998,-1.795
Geographic region,Latin America and the Caribbean,2009,584072.346,288645.08,295427.266,28.8207,97.7043,26.0422,1.093,2.2137,-964.64,-1.65
Geographic region,Latin America and the Caribbean,2010,590547.013,291765.328,298781.684,29.1402,97.6517,26.3819,1.112,2.1915,-596.921,-1.01
Geographic region,Latin America and the Caribbean,2011,597179.842,294975.65,302204.192,29.4675,97.6081,26.7214,1.122,2.1731,-503.184,-0.842
Geographic region,Latin America and the Caribbean,2012,603818.795,298192.52,305626.274,29.7951,97.5677,27.0695,1.089,2.1417,-494.659,-0.819
Geographic region,Latin America and the Caribbean,2013,610323.374,301341.726,308981.648,30.116,97.5274,27.4257,1.054,2.116,-540.739,-0.886
Geographic region,Latin America and the Caribbean,2014,616734.059,304451.343,312282.716,30.4324,97.4922,27.7849,1.036,2.0985,-497.52,-0.806
Geographic region,Latin America and the Caribbean,2015,623076.488,307527.954,315548.534,30.7453,97.4582,28.1435,1.01,2.0755,-431.002,-0.692
Geographic region,Latin America and the Caribbean,2016,629341.008,310558.52,318782.488,31.0544,97.4202,28.4983,0.991,2.0253,-145.592,-0.231
Geographic region,Latin America and the Caribbean,2017,635448.2,313507.502,321940.698,31.3558,97.3805,28.8549,0.941,2.0073,-286.013,-0.45
Geographic region,Latin America and the Caribbean,2018,641303.732,316332.964,324970.769,31.6447,97.342,29.2212,0.894,1.9811,-341.119,-0.532
Geographic region,Latin America and the Caribbean,2019,646846.756,318988.766,327857.991,31.9182,97.2948,29.587,0.828,1.9337,-427.339,-0.661
Geographic region,Latin America and the Caribbean,2020,651836.122,321312.047,330524.074,32.1644,97.2129,29.9345,0.709,1.895,-163.805,-0.251
Geographic region,Northern America,1990,275860.329,135223.983,140636.347,14.79,96.1515,31.7876,1.384,2.0445,1566.239,5.692
Geographic region,Northern America,1991,279695.833,137179.904,142515.928,14.9956,96.2558,32.0527,1.378,2.0231,1695.819,6.081
Geographic region,Northern America,1992,283643.363,139190.008,144453.356,15.2073,96.3564,32.3232,1.425,2.0083,1939.346,6.861
Geographic region,Northern America,1993,287568.763,141173.81,146394.953,15.4177,96.4335,32.5944,1.325,1.9822,1880.87,6.562
Geographic region,Northern America,1994,291375.997,143095.418,148280.578,15.6218,96.5031,32.8662,1.306,1.9656,1938.804,6.676
Geographic region,Northern America,1995,295071.643,144967.623,150104.02,15.82,96.5781,33.1367,1.216,1.9431,1815.717,6.172
Geographic region,Northern America,1996,298700.407,146810.881,151889.525,16.0145,96.6564,33.3928,1.229,1.9381,1921.513,6.453
Geographic region,Northern America,1997,302400.883,148694.589,153706.294,16.2129,96.7394,33.6357,1.234,1.9294,2006.34,6.656
Geographic region,Northern America,1998,306102.899,150591.658,155511.241,16.4114,96.8365,33.8713,1.2,1.95,1925.55,6.309
Geographic region,Northern America,1999,309704.74,152462.106,157242.634,16.6045,96.9598,34.1038,1.14,1.9604,1810.775,5.863
Geographic region,Northern America,2000,313205.695,154282.412,158923.282,16.7922,97.0798,34.3282,1.109,1.9933,1680.928,5.38
Geographic region,Northern America,2001,316597.666,156010.572,160587.094,16.9741,97.1501,34.5495,1.046,1.9776,1559.586,4.938
Geographic region,Northern America,2002,319797.596,157592.502,162205.093,17.1456,97.1563,34.7551,0.966,1.9701,1374.013,4.306
Geographic region,Northern America,2003,322854.669,159090.749,163763.919,17.3095,97.1464,34.9408,0.937,1.9926,1256.641,3.9
Geographic region,Northern America,2004,325985.321,160651.16,165334.161,17.4774,97.1676,35.1259,0.992,1.9982,1393.096,4.282
Geographic region,Northern America,2005,329184.546,162254.354,166930.192,17.6489,97.1989,35.3287,0.961,2.0084,1333.522,4.059
Geographic region,Northern America,2006,332410.934,163861.371,168549.563,17.8219,97.2185,35.5497,0.99,2.0527,1315.027,3.963
Geographic region,Northern America,2007,335731.785,165498.493,170233.292,17.9999,97.2186,35.776,0.999,2.0683,1318.482,3.934
Geographic region,Northern America,2008,339039.344,167119.617,171919.727,18.1773,97.2079,35.9945,0.962,2.0312,1333.072,3.939
Geographic region,Northern America,2009,342231.802,168681.394,173550.408,18.3484,97.1945,36.1849,0.912,1.9682,1271.045,3.721
Geographic region,Northern America,2010,345272.107,170168.733,175103.374,18.5114,97.1819,36.3409,0.857,1.9039,1257.796,3.65
Geographic region,Northern America,2011,348326.006,171746.331,176579.675,18.6752,97.2628,36.4649,0.904,1.868,1550.603,4.462
Geographic region,Northern America,2012,351468.986,173447.111,178021.875,18.8437,97.4302,36.5768,0.892,1.8535,1567.965,4.471
Geographic region,Northern America,2013,354564.457,175119.254,179445.203,19.0096,97.5893,36.6872,0.861,1.8314,1562.566,4.417
Geographic region,Northern America,2014,357563.868,176732.932,180830.936,19.1704,97.7338,36.792,0.823,1.8344,1445.807,4.052
Geographic region,Northern America,2015,360464.919,178285.478,182179.441,19.326,97.8626,36.9003,0.793,1.8157,1453.945,4.042
Geographic region,Northern America,2016,363448.679,179877.726,183570.954,19.4859,97.9881,37.0168,0.856,1.7875,1769.503,4.881
Geographic region,Northern America,2017,366470.737,181488.038,184982.699,19.648,98.1108,37.1531,0.801,1.7398,1738.776,4.757
Geographic region,Northern America,2018,369300.738,182992.32,186308.418,19.7997,98.2201,37.3211,0.738,1.6976,1618.719,4.393
Geographic region,Northern America,2019,371967.922,184403.3,187564.622,19.9427,98.3145,37.5116,0.701,1.6666,1550.328,4.177
Geographic region,Northern America,2020,373956.671,185394.357,188562.314,20.0493,98.3199,37.7223,0.366,1.6252,870.89,2.332
Geographic region,Oceania,1990,26743.824,13474.454,13269.371,3.1505,101.5455,27.6357,1.857,2.5422,148.038,5.55
Geographic region,Oceania,1991,27214.1,13702.682,13511.418,3.2059,101.4156,27.8832,1.632,2.4986,97.316,3.582
Geographic region,Oceania,1992,27637.106,13909.201,13727.906,3.2557,101.3206,28.1164,1.455,2.5117,51.144,1.852
Geographic region,Oceania,1993,28038.401,14106.222,13932.178,3.303,101.2492,28.3355,1.429,2.4954,47.505,1.696
Geographic region,Oceania,1994,28454.917,14311.309,14143.608,3.3521,101.1857,28.539,1.52,2.4777,86.08,3.03
Geographic region,Oceania,1995,28905.122,14533.284,14371.837,3.4051,101.1234,28.7265,1.619,2.463,120.383,4.174
Geographic region,Oceania,1996,29378.688,14764.672,14614.016,3.4609,101.0309,28.9106,1.631,2.4498,134.047,4.573
Geographic region,Oceania,1997,29846.362,14990.252,14856.11,3.516,100.9029,29.1098,1.529,2.4388,108.997,3.659
Geographic region,Oceania,1998,30299.183,15207.87,15091.314,3.5693,100.7723,29.3231,1.483,2.4279,101.156,3.344
Geographic region,Oceania,1999,30753.17,15427.016,15326.154,3.6228,100.6581,29.5294,1.491,2.4416,105.338,3.431
Geographic region,Oceania,2000,31222.775,15655.368,15567.408,3.6781,100.565,29.7316,1.54,2.4478,122.583,3.934
Geographic region,Oceania,2001,31714.602,15899.312,15815.29,3.7361,100.5313,29.9331,1.586,2.4355,146.345,4.625
Geographic region,Oceania,2002,32230.003,16159.656,16070.347,3.7968,100.5557,30.1247,1.638,2.4422,171.63,5.339
Geographic region,Oceania,2003,32756.468,16426.107,16330.362,3.8588,100.5863,30.2995,1.603,2.4447,161.914,4.955
Geographic region,Oceania,2004,33278.446,16690.108,16588.338,3.9203,100.6135,30.4567,1.559,2.4552,149.183,4.493
Geographic region,Oceania,2005,33813.026,16960.802,16852.225,3.9833,100.6443,30.5886,1.628,2.4837,166.854,4.946
Geographic region,Oceania,2006,34395.528,17257.21,17138.319,4.0519,100.6937,30.6809,1.787,2.5075,223.269,6.512
Geographic region,Oceania,2007,35043.841,17589.835,17454.006,4.1283,100.7782,30.728,1.946,2.5787,270.251,7.74
Geographic region,Oceania,2008,35744.784,17950.754,17794.03,4.2109,100.8808,30.7356,2.014,2.5887,297.619,8.36
Geographic region,Oceania,2009,36448.274,18310.012,18138.262,4.2937,100.9469,30.74,1.885,2.542,263.269,7.249
Geographic region,Oceania,2010,37102.764,18638.904,18463.859,4.3708,100.948,30.7898,1.676,2.5248,191.63,5.178
Geographic region,Oceania,2011,37730.132,18950.82,18779.313,4.4447,100.9133,30.873,1.677,2.4899,206.999,5.501
Geographic region,Oceania,2012,38383.408,19275.003,19108.405,4.5217,100.8719,30.9483,1.755,2.4849,242.348,6.333
Geographic region,Oceania,2013,39057.446,19607.509,19449.936,4.6011,100.8101,31.0187,1.726,2.4384,243.557,6.256
Geographic region,Oceania,2014,39728.973,19935.66,19793.313,4.6802,100.7192,31.096,1.683,2.378,249.748,6.307
Geographic region,Oceania,2015,40403.283,20263.454,20139.829,4.7596,100.6138,31.1791,1.683,2.3692,255.014,6.332
Geographic region,Oceania,2016,41100.877,20603.64,20497.237,4.8418,100.5191,31.272,1.74,2.3389,289.328,7.065
Geographic region,Oceania,2017,41816.926,20956.487,20860.439,4.9262,100.4604,31.3824,1.714,2.3092,289.336,6.943
Geographic region,Oceania,2018,42539.677,21317.593,21222.084,5.0113,100.45,31.5135,1.713,2.2866,294.873,6.955
Geographic region,Oceania,2019,43278.15,21693,21585.149,5.0983,100.4997,31.6908,1.729,2.2201,332.163,7.704
Geographic region,Oceania,2020,43933.425,22026.673,21906.753,5.1755,100.5474,31.9233,1.28,2.1606,150.802,3.439
